ID#,2 Names, Êrelation#,name of relation,Corp #,Corp,Full name of Corporation,Type of business,Miscellaneous info26081469,çlvaro  Rodr’guez,1,CEO/GM,1,ALMEN:CI,Almendral, Telecoms,8320888,Luis  Achondo,2,BoD,1,ALMEN:CI,Almendral, Telecoms,112705106,Gonzalo  Langlois,3,BoD,1,ALMEN:CI,Almendral, Telecoms,Prim: Pacifico V Region S.A.8320856,Fernando  Menendez,4,BoD,1,ALMEN:CI,Almendral, Telecoms,25316796,Spiniak  Paul,5,BoD,1,ALMEN:CI,Almendral, Telecoms,32589898,Hurtado  Ignacio,6,BoD,1,ALMEN:CI,Almendral, Telecoms,32590051,Gast—n  Larra’n,7,BoD,1,ALMEN:CI,Almendral, Telecoms,133826660,Eduardo  Mac-Auliffe,8,BoD,1,ALMEN:CI,Almendral, Telecoms,51938339,Miguel  Peirano,9,CEO,2,ANDINAA:CI,Embotelladora Andina,Beverages,136916932,Andr_s  P.,10,CFO,2,ANDINAA:CI,Embotelladora Andina,Beverages,408900,Renato  Fernandez,11,COO,2,ANDINAA:CI,Embotelladora Andina,Beverages,408902,Carlos  Lohmann,12,Pres/GM,2,ANDINAA:CI,Embotelladora Andina,Beverages,408904,Alejandro  Feuereisen,13,CVCO,2,ANDINAA:CI,Embotelladora Andina,Beverages,8315759,Juan  Gonz‡lez,14,BoD,2,ANDINAA:CI,Embotelladora Andina,Beverages,Prim: Metrogas SA1161737,Arturo  Albala,15,BoD,2,ANDINAA:CI,Embotelladora Andina,Beverages,8074340,Heriberto  S‡nchez,16,BoD ,2,ANDINAA:CI,Embotelladora Andina,Beverages,Committee on Directors Chairman8073156,Gonzalo  Handal,17,BoD,2,ANDINAA:CI,Embotelladora Andina,Beverages,8073170,Jos_  Jr.,18,BoD,2,ANDINAA:CI,Embotelladora Andina,Beverages,26081452,Salvador  Somav’a,19,BoD,2,ANDINAA:CI,Embotelladora Andina,Beverages,Prim: Cruz Blanca Salud SA59072509,Gonzalo  Palma,20,BoD,2,ANDINAA:CI,Embotelladora Andina,Beverages,11169837,Brian  Smith,21,BoD,2,ANDINAA:CI,Embotelladora Andina,Beverages,Prim: The Coca-Cola Company1127714,Ernesto  Repetto,22,BoD,2,ANDINAA:CI,Embotelladora Andina,Beverages,8073154,Jorge  Garreton,23,BoD,2,ANDINAA:CI,Embotelladora Andina,Beverages,8132554,Jos_  Urenda,24,BoD,2,ANDINAA:CI,Embotelladora Andina,Beverages,Prim: Parque Arauco S.A.26080806,Patricio  Gil,25,BoD,2,ANDINAA:CI,Embotelladora Andina,Beverages,Prim: Sociedad Punta del Cobre S.A.2864245,Jos_  Baeza,26,BoD,2,ANDINAA:CI,Embotelladora Andina,Beverages,Prim: Chemical & Mining Co. of Chile Inc.59072505,Cristian  Arriagada,27,BoD,2,ANDINAA:CI,Embotelladora Andina,Beverages,24701331,Jorge  Fouque,28,GM,3,ANTAR:CI,Antarchile Sa,Conglomerate,13401588,Roberto  Rossi,29,BoD,3,ANTAR:CI,Antarchile Sa,Conglomerate,24701333,Juan  Pe–afiel,30,BoD,3,ANTAR:CI,Antarchile Sa,Conglomerate,765641,Felipe  Bascu–an,31,BoD,3,ANTAR:CI,Antarchile Sa,Conglomerate,24701336,Arnaldo  Balbi,32,BoD,3,ANTAR:CI,Antarchile Sa,Conglomerate,26081598,Andres  Lyon,33,BoD,3,ANTAR:CI,Antarchile Sa,Conglomerate,12057997,Jose  Dumas,34,BoD,3,ANTAR:CI,Antarchile Sa,Conglomerate,26081420,Carlos  Castro,35,GM,4,BANMED:CI,Banmedica,Health Insurance & Health care provider,26081417,Carlos  Garc’a-Huidobro,36,BoD,4,BANMED:CI,Banmedica,Health Insurance & Health care provider,112705106,Gonzalo  Langlois,37,BoD,4,BANMED:CI,Banmedica,Health Insurance & Health care provider,Prim: Pacifico V Region S.A.26081406,Hugo  L—pez,38,BoD,4,BANMED:CI,Banmedica,Health Insurance & Health care provider,26081408,Juan  Granello,39,BoD,4,BANMED:CI,Banmedica,Health Insurance & Health care provider,26081427,Carlos  Abbott,40,BoD,4,BANMED:CI,Banmedica,Health Insurance & Health care provider,26080806,Patricio  Gil,41,BoD,4,BANMED:CI,Banmedica,Health Insurance & Health care provider,Prim: Sociedad Punta del Cobre S.A.172011485,Manuel  Blackburn,42,BoD,4,BANMED:CI,Banmedica,Health Insurance & Health care provider,172011508,Antonio  Joratt,43,BoD,4,BANMED:CI,Banmedica,Health Insurance & Health care provider,23771371,Lionel  Leyton,44,CEO/GM,5,BCI:CI,Banco de Cr_dito e Inversiones,Banks,182516592,Jos_  Mu–oz,45,CFO,5,BCI:CI,Banco de Cr_dito e Inversiones,Banks,35442071,Mario  H_rmann,46,COTO,5,BCI:CI,Banco de Cr_dito e Inversiones,Banks,24437326,Benjam’n  Amun‡tegui,47,CEO,5,BCI:CI,Banco de Cr_dito e Inversiones,Banks,24437291,Spoerer  Andres,48,CEO,5,BCI:CI,Banco de Cr_dito e Inversiones,Banks,23771393,Gomez  Mario,49,CCBO,5,BCI:CI,Banco de Cr_dito e Inversiones,Banks,23771365,Luis  Rey,50,BoD,5,BCI:CI,Banco de Cr_dito e Inversiones,Banks,Prim: Santiago Stock Exchange59362089,Andr_s  Larre,51,BoD,5,BCI:CI,Banco de Cr_dito e Inversiones,Banks,23771381,Alberto  Hermida,52,BoD,5,BCI:CI,Banco de Cr_dito e Inversiones,Banks,23771387,Daniel  Elsaca,53,BoD,5,BCI:CI,Banco de Cr_dito e Inversiones,Banks,Prim: Chemical & Mining Co. of Chile Inc.59398293,Juan  Pr_ndez,54,BoD,5,BCI:CI,Banco de Cr_dito e Inversiones,Banks,Prim: Compa–’a de Tel_fonos de Coyhaique SA24701333,Juan  Pe–afiel,55,BoD,5,BCI:CI,Banco de Cr_dito e Inversiones,Banks,Prim: AntarChile S.A.8374260,Francisco  Ram’rez,56,BoD,5,BCI:CI,Banco de Cr_dito e Inversiones,Banks,26184097,Dionisio  Paoletti,57,BoD,5,BCI:CI,Banco de Cr_dito e Inversiones,Banks,Prim: Credicorp Ltd.60885724,Claudio  Hinojosa,58,CEO,6,BSAN:CI,Banco de Cr_dito e Inversiones,Banks,23217974,Mauricio  Garc_s,59,President,6,BSAN:CI,BANCO SANTANDER CHILE,Banks,510288,Miguel  Huerta,60,CFO,6,BSAN:CI,BANCO SANTANDER CHILE,Banks,2461673,Javier  Diaz,61,CEO,6,BSAN:CI,BANCO SANTANDER CHILE,Banks,393425,Jos  Manzano,62,CRO,6,BSAN:CI,BANCO SANTANDER CHILE,Banks,393395,Oscar  Carvajal,63,GM,6,BSAN:CI,BANCO SANTANDER CHILE,Banks,23217970,Jesœs  Lotina,64,BoD,6,BSAN:CI,BANCO SANTANDER CHILE,Banks,23217978,Carlos  Marchant,65,BoD,6,BSAN:CI,BANCO SANTANDER CHILE,Banks,23217980,Victor  Crousillat,66,BoD,6,BSAN:CI,BANCO SANTANDER CHILE,Banks,776346,Roberto  Mayanz,67,BoD,6,BSAN:CI,BANCO SANTANDER CHILE,Banks,776340,Vittorio  Lioi,68,BoD,6,BSAN:CI,BANCO SANTANDER CHILE,Banks,776336,Roberto  Torres,69,BoD,6,BSAN:CI,BANCO SANTANDER CHILE,Banks,23217965,Lucia  Sutil,70,BoD,6,BSAN:CI,BANCO SANTANDER CHILE,Banks,20593212,Marco  Hadjes,71,BoD,6,BSAN:CI,BANCO SANTANDER CHILE,Banks,127569934,Lisandro  Spoerer,72,BoD,6,BSAN:CI,BANCO SANTANDER CHILE,Banks,11850482,Raimundo  Zegers,73,BoD,6,BSAN:CI,BANCO SANTANDER CHILE,Banks,Prim: Santander Chile Holding S.A.6985493,Juan  Irujo,74,BoD,6,BSAN:CI,BANCO SANTANDER CHILE,Banks,Prim: Banco Santander (Brasil) S.A.8977079,Jaime  Charles,75,CEO,7,CAP:CI,CAP (Compa–’a de Acero del Pac’fico),Mining,8977072,Raœl  Alcaino,76,CFO,7,CAP:CI,CAP (Compa–’a de Acero del Pac’fico),Mining,59663234,Ren_  Corbeaux,77,CEO,7,CAP:CI,CAP (Compa–’a de Acero del Pac’fico),Mining,59663219,Germ‡n  D’az,78,CEO,7,CAP:CI,CAP (Compa–’a de Acero del Pac’fico),Mining,20758968,Eugenio  Espinosa,79,CEO,7,CAP:CI,CAP (Compa–’a de Acero del Pac’fico),Mining,26303596,Roberto  Barbas,80,BoD,7,CAP:CI,CAP (Compa–’a de Acero del Pac’fico),Mining,8977139,Sven  Behrmann,81,BoD,7,CAP:CI,CAP (Compa–’a de Acero del Pac’fico),Mining,58269775,Fernando  Sloer,82,BoD,7,CAP:CI,CAP (Compa–’a de Acero del Pac’fico),Mining,8977052,Eddie  Cerda,83,BoD,7,CAP:CI,CAP (Compa–’a de Acero del Pac’fico),Mining,59663199,Rodolfo  Lubascher,84,BoD,7,CAP:CI,CAP (Compa–’a de Acero del Pac’fico),Mining,59663430,Akira  Suzuki,85,BoD,7,CAP:CI,CAP (Compa–’a de Acero del Pac’fico),Mining,64919884,Tokuro  Yamada,86,BoD,7,CAP:CI,CAP (Compa–’a de Acero del Pac’fico),Mining,206252656,Daniel  Rodriguez,87,CEO,8,CENCOSUD:CI,Cencosud,Retailers,6656188,Horst  Kemna,88,Founder/Chairman,8,CENCOSUD:CI,Cencosud,Retailers,36257500,Andr_s  Osorio,89,CFO,8,CENCOSUD:CI,Cencosud,Retailers,113918710,Jeorge  Alvarez,90,CEO,8,CENCOSUD:CI,Cencosud,Retailers,368140,Francisco  Bauza,91,CEO,8,CENCOSUD:CI,Cencosud,Retailers,25986117,Heike  Koepfer,92,BoD,8,CENCOSUD:CI,Cencosud,Retailers,25986108,Roberto  Philipps,93,BoD,8,CENCOSUD:CI,Cencosud,Retailers,25986112,Peter  Koepfer,94,BoD,8,CENCOSUD:CI,Cencosud,Retailers,8977139,Sven  Behrmann,95,BoD,8,CENCOSUD:CI,Cencosud,Retailers,Prim: CAP S.A.8284834,Christi‡n  Johnston,96,BoD,8,CENCOSUD:CI,Cencosud,Retailers,Prim: Palm Beach International Airport158637345,Erasmo  Lu,97,BoD,8,CENCOSUD:CI,Cencosud,Retailers,206252713,Julio  Neto,98,BoD,8,CENCOSUD:CI,Cencosud,Retailers,206252909,David  Patrickson,99,BoD,8,CENCOSUD:CI,Cencosud,Retailers,12532492,Patricio  Nasrallah,100,CEO,9,CCU:CI,Compa–’a Cervecer’as Unidas,Beverages,229595,Ricardo  Reyes,101,CFO,9,CCU:CI,Compa–’a Cervecer’as Unidas,Beverages,362844,Francisco  Mackenna,102,Director,9,CCU:CI,Compa–’a Cervecer’as Unidas,Beverages,362840,Guillermo  Luksic,103,BoD,9,CCU:CI,Compa–’a Cervecer’as Unidas,Beverages,Prim: Banco de Chile49372880,John  Nicolson,104,BoD,9,CCU:CI,Compa–’a Cervecer’as Unidas,Beverages,Prim: Heineken NV46398491,Armin  Kunstmann,105,BoD,9,CCU:CI,Compa–’a Cervecer’as Unidas,Beverages,508695,Andronico  Craig,106,BoD,9,CCU:CI,Compa–’a Cervecer’as Unidas,Beverages,Prim: Sociedad Matriz del Banco de Chile8009595,Philippe  Pasquet,107,BoD,9,CCU:CI,Compa–’a Cervecer’as Unidas,Beverages,508322,Manuel  Eyzaguirre,108,BoD,9,CCU:CI,Compa–’a Cervecer’as Unidas,Beverages,Prim: Quinenco S.A.9767922,Jorge  Santos,109,BoD,9,CCU:CI,Compa–’a Cervecer’as Unidas,Beverages,"Prim: Fomento Econ—mico Mexicano, S.A.B de C.V"206225845,Carlos  Molina,110,BoD,9,CCU:CI,Compa–’a Cervecer’as Unidas,Beverages,776340,Vittorio  Lioi,111,BoD,9,CCU:CI,Compa–’a Cervecer’as Unidas,Beverages,Prim: Banco Santander-Chile34186847,Pablo  Guarda,112,CEO,10,CGE:CI,Compa–’a General de Electricidad,Electricity,182120192,Juan  Vald_s,113,Head of Investor Relations,10,CGE:CI,Compa–’a General de Electricidad,Electricity,26081629,Hornauer  Luis,114,BoD,10,CGE:CI,Compa–’a General de Electricidad,Electricity,26081627,Jose  Lopez,115,BoD,10,CGE:CI,Compa–’a General de Electricidad,Electricity,26081633,Guillermo  Fuenzalida,116,BoD,10,CGE:CI,Compa–’a General de Electricidad,Electricity,26081635,Perez  Jose,117,BoD,10,CGE:CI,Compa–’a General de Electricidad,Electricity,26081637,Manuel  Iriondo,118,BoD,10,CGE:CI,Compa–’a General de Electricidad,Electricity,26081639,Francisco  Est_vez,119,BoD,10,CGE:CI,Compa–’a General de Electricidad,Electricity,26081641,Jorge  Correa,120,BoD,10,CGE:CI,Compa–’a General de Electricidad,Electricity,Prim: Banco Security SA8077633,Arturo  Quiroz,121,CEO,11,CHILE:CI,Banko de Chile,Banks,46496709,Pedro  Samhan,122,CFO,11,CHILE:CI,Banko de Chile,Banks,99927849,Patricio  Guerrero,123,MOTD,11,CHILE:CI,Banko de Chile,Banks,46238643,Jorge  Ib‡–ez,124,CEO,11,CHILE:CI,Banko de Chile,Banks,35383079,Oscar  Castellon,125,RCM,11,CHILE:CI,Banko de Chile,Banks,395889,Pablo  Lavin,126,BoD,11,CHILE:CI,Banko de Chile,Banks,Prim: Quinenco S.A.100460770,Francisco  Silva,127,BoD,11,CHILE:CI,Banko de Chile,Banks,371067,Jorge  Mehech,128,BoD,11,CHILE:CI,Banko de Chile,Banks,Prim: LAN Airlines S.A.1992492,Guillermo  Craig,129,BoD,11,CHILE:CI,Banko de Chile,Banks,Prim: Madeco S.A508695,Andronico  Craig,130,BoD,11,CHILE:CI,Banko de Chile,Banks,Prim: Sociedad Matriz del Banco de Chile362844,Francisco  Mackenna,131,BoD,11,CHILE:CI,Banko de Chile,Banks,Prim: Quinenco S.A.1152174,Gonzalo  Duque,132,BoD,11,CHILE:CI,Banko de Chile,Banks,"Prim: Banco Latinoamericano de Comercio Exterior, S.A"13619880,Jorge  Heymann,133,BoD,11,CHILE:CI,Banko de Chile,Banks,33447488,Jaime  Valencia,134,BoD,11,CHILE:CI,Banko de Chile,Banks,40085241,Raœl  Elizalde,135,BoD,11,CHILE:CI,Banko de Chile,Banks,27880234,Fernando  Ureta,136,BoD,11,CHILE:CI,Banko de Chile,Banks,"Prim: Citigroup, Inc."1992513,Rodrigo  Moltedo,137,BoD,11,CHILE:CI,Banko de Chile,Banks,Prim: LQ Inversiones Financieras S.A.23074868,Thomas  Freiwirth,138,BoD,11,CHILE:CI,Banko de Chile,Banks,Prim: Sociedad Matriz del Banco de Chile8742768,Hern‡n  Rodr’guez,139,CEO,12,CMPC:CI,Empresas Cmpc Sa,Wood Pulp,8742755,Eliodoro  Larra’n,140,President,12,CMPC:CI,Empresas Cmpc Sa,Wood Pulp,59364624,Luis  C.,141,CFO,12,CMPC:CI,Empresas Cmpc Sa,Wood Pulp,8742772,Jorge  D.,142,CAO,12,CMPC:CI,Empresas Cmpc Sa,Wood Pulp,59365211,Francisco  E.,143,MD,12,CMPC:CI,Empresas Cmpc Sa,Wood Pulp,8742759,Pedro  Schlack,144,GM,12,CMPC:CI,Empresas Cmpc Sa,Wood Pulp,20611135,T.  Infante,145,GM,12,CMPC:CI,Empresas Cmpc Sa,Wood Pulp,20880440,B.  Morel,146,MD,12,CMPC:CI,Empresas Cmpc Sa,Wood Pulp,113263756,M.  Larra’n,147,BoD,12,CMPC:CI,Empresas Cmpc Sa,Wood Pulp,8742780,Arturo  I–iguez,148,BoD,12,CMPC:CI,Empresas Cmpc Sa,Wood Pulp,Prim: Colbun S.A.8742762,Jorge  Bunster,149,BoD,12,CMPC:CI,Empresas Cmpc Sa,Wood Pulp,8742766,Marin  Eduardo,150,BoD,12,CMPC:CI,Empresas Cmpc Sa,Wood Pulp,8333021,Bernardo  Larra’n,151,BoD,12,CMPC:CI,Empresas Cmpc Sa,Wood Pulp,Prim: Colbun S.A.396550,Martin  Llona,152,BoD,12,CMPC:CI,Empresas Cmpc Sa,Wood Pulp,Prim: Empresa Nacional de Electricidad S.A132383457,Erwin  Hahn,153,BoD,12,CMPC:CI,Empresas Cmpc Sa,Wood Pulp,388521,Jos  Letamendi,154,BoD,12,CMPC:CI,Empresas Cmpc Sa,Wood Pulp,8073154,Jorge  Garreton,155,BoD,12,CMPC:CI,Empresas Cmpc Sa,Wood Pulp,Prim: Embotelladora Andina S.A.8347262,Juan  Eyzaguirre,156,BoD,12,CMPC:CI,Empresas Cmpc Sa,Wood Pulp,20611145,Andr_s  Salas,157,BoD,12,CMPC:CI,Empresas Cmpc Sa,Wood Pulp,Prim: EPG Partners S.A.105847688,L.  Mullins,158,BoD,12,CMPC:CI,Empresas Cmpc Sa,Wood Pulp,206802082,Ignacio  Cruz,159,CEO,13,COLBUN:CI,Colbun,Electricity,107456829,Cristi‡n  Jaureguiberry,160,Manager of Fin.,13,COLBUN:CI,Colbun,Electricity,8333021,Bernardo  Larra’n,161,BoD,13,COLBUN:CI,Colbun,Electricity,37312261,Fernando  Garc’a,162,BoD,13,COLBUN:CI,Colbun,Electricity,37312367,Demetrio  Bacarreza,163,BoD,13,COLBUN:CI,Colbun,Electricity,8320888,Luis  Achondo,164,BoD,13,COLBUN:CI,Colbun,Electricity,Prim: Almendral S.A.8742780,Arturo  I–iguez,165,BoD,13,COLBUN:CI,Colbun,Electricity,13401616,Eduardo  Beltr‡n,166,BoD,13,COLBUN:CI,Colbun,Electricity,Prim: Empresas COPEC S.A.13401578,Hurtado  Juan,167,BoD,13,COLBUN:CI,Colbun,Electricity,798228,Sergio  Saavedra,168,BoD,13,COLBUN:CI,Colbun,Electricity,408932,Eduardo  Gana,169,CEO/GM,14,CONCHA:CI,Vi–a Concha y Toro,Wines,408934,Osvaldo  Venegas,170,CFO,14,CONCHA:CI,Vi–a Concha y Toro,Wines,408922,Enrique  Tirado,171,Executive,14,CONCHA:CI,Vi–a Concha y Toro,Wines,408930,Rafael  Gana,172,VC,14,CONCHA:CI,Vi–a Concha y Toro,Wines,23628106,Sergio  Ph.D.,173,Director,14,CONCHA:CI,Vi–a Concha y Toro,Wines,136869807,Jorge  Nez,174,Director,14,CONCHA:CI,Vi–a Concha y Toro,Wines,408928,Alfonso  Maria,175,BoD,14,CONCHA:CI,Vi–a Concha y Toro,Wines,1161752,Mariano  Concha,176,BoD,14,CONCHA:CI,Vi–a Concha y Toro,Wines,8073206,Francisco  Estevez,177,BoD,14,CONCHA:CI,Vi–a Concha y Toro,Wines,23217943,Pablo  Gana,178,BoD,14,CONCHA:CI,Vi–a Concha y Toro,Wines,13401616,Eduardo  Beltr‡n,179,CEO/GM,15,COPEC:CI,Empresas Copec Sa,Conglomerate,59362096,Rodrigo  Alvarado,180,CFO,15,COPEC:CI,Empresas Copec Sa,Conglomerate,113463151,Joaqu’n  Sanfiel,181,CEO,15,COPEC:CI,Empresas Copec Sa,Conglomerate,13401584,Lorenzo  Schleyer,182,CEO,15,COPEC:CI,Empresas Copec Sa,Conglomerate,13401588,Roberto  Rossi,183,BoD,15,COPEC:CI,Empresas Copec Sa,Conglomerate,Prim: Pesquera Iquique Guanaye S.A.12057997,Jose  Dumas,184,BoD,15,COPEC:CI,Empresas Copec Sa,Conglomerate,Prim: AntarChile S.A.8320839,Carlos  Ruiz-Tagle,185,BoD,15,COPEC:CI,Empresas Copec Sa,Conglomerate,Prim: Molibdenos y Metales S.A.24701333,Juan  Pe–afiel,186,BoD,15,COPEC:CI,Empresas Copec Sa,Conglomerate,Prim: AntarChile S.A.8333021,Bernardo  Larra’n,187,BoD,15,COPEC:CI,Empresas Copec Sa,Conglomerate,Prim: Colbun S.A.24701336,Arnaldo  Balbi,188,BoD,15,COPEC:CI,Empresas Copec Sa,Conglomerate,Prim: AntarChile S.A.59362089,Andr_s  Larre,189,BoD,15,COPEC:CI,Empresas Copec Sa,Conglomerate,Prim: Banco de Credito e Inversiones24701331,Jorge  Fouque,190,BoD,15,COPEC:CI,Empresas Copec Sa,Conglomerate,Prim: AntarChile S.A.139422745,Juan  Gonzalez,191,BoD,15,COPEC:CI,Empresas Copec Sa,Conglomerate,78749624,Fernando  Tare,192,CEO,16,CORPBANC:CI,Corpbanca,Banks,108994449,Eugenio  Miqueles,193,CFO,16,CORPBANC:CI,Corpbanca,Banks,60740176,Alejandra  Asœn,194,CEO,16,CORPBANC:CI,Corpbanca,Banks,60740160,Jaime  Fern‡ndez,195,CEO,16,CORPBANC:CI,Corpbanca,Banks,108994495,Pablo  Gonz‡lez,196,CEO,16,CORPBANC:CI,Corpbanca,Banks,8374258,Jorge  Saieh,197,Chairman,16,CORPBANC:CI,Corpbanca,Banks,115616280,Mar’a  Guzm‡n,198,Alternate Director,16,CORPBANC:CI,Corpbanca,Banks,8374250,Jorge  Zaror,199,BoD,16,CORPBANC:CI,Corpbanca,Banks,Prim: Blanco y Negro S.A.8374297,Fernando  Dagach,200,BoD,16,CORPBANC:CI,Corpbanca,Banks,60740235,Pablo  Merino,201,BoD,16,CORPBANC:CI,Corpbanca,Banks,126752689,Gustavo  Morales,202,BoD,16,CORPBANC:CI,Corpbanca,Banks,8374295,Julio  Silva,203,BoD,16,CORPBANC:CI,Corpbanca,Banks,130399664,Francisco  D_lano,204,BoD,16,CORPBANC:CI,Corpbanca,Banks,Prim: Cristalerias de Chile S.A.408930,Rafael  Gana,205,BoD,16,CORPBANC:CI,Corpbanca,Banks,Prim: Vina Concha y Toro S.A.510290,Francisco  Asfura,206,BoD,16,CORPBANC:CI,Corpbanca,Banks,Prim: Banco Santander-Chile171939371,Ana  Barros,207,BoD,16,CORPBANC:CI,Corpbanca,Banks,58528177,Oliver  Flegel,208,CEO,17,CTCA:CI,Telefonica Chile,Telecoms,392194,Claudio  Zuniga,209,EC,17,CTCA:CI,Telefonica Chile,Telecoms,36655655,Isabel  Collao,210,DF,17,CTCA:CI,Telefonica Chile,Telecoms,58528205,Gustavo  Marambio,211,TOO,17,CTCA:CI,Telefonica Chile,Telecoms,44543744,Mauricio  Azevedo,212,Chief,17,CTCA:CI,Telefonica Chile,Telecoms,26487634,Narc’s  Serra,213,VC,17,CTCA:CI,Telefonica Chile,Telecoms,3280206,Fernando  Huerta,214,BoD,17,CTCA:CI,Telefonica Chile,Telecoms,792645,Andres  Rodriguez,215,BoD,17,CTCA:CI,Telefonica Chile,Telecoms,Prim: Empresa Electrica Pilmaiquen S.A.21947142,Hern‡n  Valenzuela,216,BoD,17,CTCA:CI,Telefonica Chile,Telecoms,Prim: Empresa Nacional del Petr—leo22195093,Patricio  Ramos,217,BoD,17,CTCA:CI,Telefonica Chile,Telecoms,20593212,Marco  Hadjes,218,BoD,17,CTCA:CI,Telefonica Chile,Telecoms,Prim: Banco Santander-Chile357112,Jos_  L—pez,219,BoD,17,CTCA:CI,Telefonica Chile,Telecoms,"Prim: Telef—nica del Perœ, S.A.A."8790872,Emilio  Lopez,220,BoD,17,CTCA:CI,Telefonica Chile,Telecoms,"Prim: Telef—nica, S.A. (global)"367560,Enrique  Cambiaso,221,CEO,18,WMTCL:CI,Walmart Chile / Distribuci—n y Servicio,Retailers,367558,Felipe  Scott,222,President,18,WMTCL:CI,Walmart Chile / Distribuci—n y Servicio,Retailers,58268476,Mario-Jose  Medina,223,CFO,18,WMTCL:CI,Walmart Chile / Distribuci—n y Servicio,Retailers,508677,Nicolas  Scott,224,Director,18,WMTCL:CI,Walmart Chile / Distribuci—n y Servicio,Retailers,795090,Manuel  Ojeda,225,BoD,18,WMTCL:CI,Walmart Chile / Distribuci—n y Servicio,Retailers,511684,Alberto  Correa,226,BoD,18,WMTCL:CI,Walmart Chile / Distribuci—n y Servicio,Retailers,59398053,Jos_  Hern‡ndez,227,BoD,18,WMTCL:CI,Walmart Chile / Distribuci—n y Servicio,Retailers,59398055,H_ctor  Nœ–ez,228,BoD,18,WMTCL:CI,Walmart Chile / Distribuci—n y Servicio,Retailers,59398058,Wyman  Atwel,229,BoD,18,WMTCL:CI,Walmart Chile / Distribuci—n y Servicio,Retailers,59398060,Ezequiel  G—mez,230,BoD,18,WMTCL:CI,Walmart Chile / Distribuci—n y Servicio,Retailers,59398062,Jorge  Guti_rrez,231,BoD,18,WMTCL:CI,Walmart Chile / Distribuci—n y Servicio,Retailers,29158856,Lodewijk  Verdeyen,232,GM/Dir,19,ECL:CI,E-CL ( Empresa El_ctrica del Norte Grande ),Electricity,42920846,Victor  Villa,233,Mfinance,19,ECL:CI,E-CL ( Empresa El_ctrica del Norte Grande ),Electricity,60920722,Stephen  Burton,234,Moperations,19,ECL:CI,E-CL ( Empresa El_ctrica del Norte Grande ),Electricity,29975290,Hugo  Toro,235,Manager,19,ECL:CI,E-CL ( Empresa El_ctrica del Norte Grande ),Electricity,24701235,Jan  Flachet,236,BoD,19,ECL:CI,E-CL ( Empresa El_ctrica del Norte Grande ),Electricity,Prim: GDF Suez S.A.29158959,Ricardo  G‡ndara,237,BoD,19,ECL:CI,E-CL ( Empresa El_ctrica del Norte Grande ),Electricity,29158986,Willem  Twembeke,238,BoD,19,ECL:CI,E-CL ( Empresa El_ctrica del Norte Grande ),Electricity,Prim: International Power plc25986610,Manlio  Remedi,239,BoD,19,ECL:CI,E-CL ( Empresa El_ctrica del Norte Grande ),Electricity,29975336,Juan  Aliste,240,BoD,19,ECL:CI,E-CL ( Empresa El_ctrica del Norte Grande ),Electricity,26221724,Jorge  Mart’nez,241,BoD,19,ECL:CI,E-CL ( Empresa El_ctrica del Norte Grande ),Electricity,60919587,B.  Bande,242,BoD,19,ECL:CI,E-CL ( Empresa El_ctrica del Norte Grande ),Electricity,45789701,Philippe  Tordoir,243,BoD,19,ECL:CI,E-CL ( Empresa El_ctrica del Norte Grande ),Electricity,183788598,Cristian  Eyzaguirre,244,BoD,19,ECL:CI,E-CL ( Empresa El_ctrica del Norte Grande ),Electricity,396552,Mario  Dur‡n,245,BoD,19,ECL:CI,E-CL ( Empresa El_ctrica del Norte Grande ),Electricity,Prim: Empresa Nacional de Electricidad S.A.11711184,Joaquin  Velez,246,CEO/GM,20,ENDESA:CI,ENDESA (Empresa Nacional de Electricidad),Electricity,380214,Eduardo  Johnson,247,CFO,20,ENDESA:CI,ENDESA (Empresa Nacional de Electricidad),Electricity,8071894,Claudio  Guillard,248,CEO,20,ENDESA:CI,ENDESA (Empresa Nacional de Electricidad),Electricity,396530,Jaime  Bauz‡,249,Director,20,ENDESA:CI,ENDESA (Empresa Nacional de Electricidad),Electricity,83421907,R.  Rosenblut,250,BoD,20,ENDESA:CI,ENDESA (Empresa Nacional de Electricidad),Electricity,59445122,Paolo  Bondi,251,BoD,20,ENDESA:CI,ENDESA (Empresa Nacional de Electricidad),Electricity,741939,Felipe  Claro,252,BoD,20,ENDESA:CI,ENDESA (Empresa Nacional de Electricidad),Electricity,46127922,Francesco  Buresti,253,BoD,20,ENDESA:CI,ENDESA (Empresa Nacional de Electricidad),Electricity,109535473,L.  Corbo,254,BoD,20,ENDESA:CI,ENDESA (Empresa Nacional de Electricidad),Electricity,205266528,G.  Arahuetes,255,BoD,20,ENDESA:CI,ENDESA (Empresa Nacional de Electricidad),Electricity,205266638,B.  Cibi,256,BoD,20,ENDESA:CI,ENDESA (Empresa Nacional de Electricidad),Electricity,205266847,C.  Morn,257,BoD,20,ENDESA:CI,ENDESA (Empresa Nacional de Electricidad),Electricity,30349128,Ignacio  Alvear,258,CEO,21,ENERSIS:CI,Enersis,Electricity,380240,Alfredo  Segal,259,CFO,21,ENERSIS:CI,Enersis,Electricity,108896934,Massimo  Tambosco,260,CEO,21,ENERSIS:CI,Enersis,Electricity,380224,Domingo  Prieto,261,VC,21,ENERSIS:CI,Enersis,Electricity,24600293,Pablo  Valdes,262,BoD,21,ENERSIS:CI,Enersis,Electricity,10792069,Andrea  Brentan,263,BoD,21,ENERSIS:CI,Enersis,Electricity,324782,Rafael  Robredo,264,BoD,21,ENERSIS:CI,Enersis,Electricity,798292,Somerville  Hernan,265,BoD,21,ENERSIS:CI,Enersis,Electricity,4905063,Barrios  Tironi,266,BoD,21,ENERSIS:CI,Enersis,Electricity,24985167,Leonidas  Echeverria,267,BoD,21,ENERSIS:CI,Enersis,Electricity,3114264,Rafael  Morand_,268,BoD,21,ENERSIS:CI,Enersis,Electricity,26747065,Hern‡n  Lores,269,GM,22,Entel PCS Telecomunicaciones SA,Entel Chile,Telecoms,8320892,Richard  Buc,270,BoD,22,Entel PCS Telecomunicaciones SA,Entel Chile,Telecoms,Prim: Empresa Nacional de Telecomunicaciones S.A.8320841,Juan  Vicu–a,271,BoD,22,Entel PCS Telecomunicaciones SA,Entel Chile,Telecoms,Prim: Sociedad Punta del Cobre S.A.8320888,Luis  Achondo,272,BoD,22,Entel PCS Telecomunicaciones SA,Entel Chile,Telecoms,Prim: Almendral S.A.8320872,Juan  Granello,273,BoD,22,Entel PCS Telecomunicaciones SA,Entel Chile,Telecoms,Prim: Empresa Nacional de Telecomunicaciones S.A.13401593,Alejandro  Rodr’guez,274,BoD,22,Entel PCS Telecomunicaciones SA,Entel Chile,Telecoms,Prim: Empresa Nacional de Telecomunicaciones S.A.8074332,Alejandro  Marinovic,275,BoD,22,Entel PCS Telecomunicaciones SA,Entel Chile,Telecoms,Prim: Empresa Nacional de Telecomunicaciones S.A.8315759,Juan  Gonz‡lez,276,BoD,22,Entel PCS Telecomunicaciones SA,Entel Chile,Telecoms,Prim: Metrogas SA24983889,John  Hormaeche,277,BoD,22,Entel PCS Telecomunicaciones SA,Entel Chile,Telecoms,Prim: Watts S.a.8320843,Felipe  Prieto,278,BoD,22,Entel PCS Telecomunicaciones SA,Entel Chile,Telecoms,Prim: Empresa Nacional de Telecomunicaciones S.A.8320898,Antonio  Buc,279,BoD,22,Entel PCS Telecomunicaciones SA,Entel Chile,Telecoms,Prim: Empresa Nacional de Telecomunicaciones S.A.20611145,Andr_s  Salas,280,BoD,22,Entel PCS Telecomunicaciones SA,Entel Chile,Telecoms,Prim: EPG Partners S.A.170944996,Raœl  Lihn,281,BoD,22,Entel PCS Telecomunicaciones SA,Entel Chile,Telecoms,Prim: Empresa Nacional de Telecomunicaciones S.A.11540360,Juan  Feliu,282,CEO,23,S.A.C.I. Falabella,S.A.C.I. Falabella,Retailers,11540341,Reinaldo  Magnasco,283,President,23,S.A.C.I. Falabella,S.A.C.I. Falabella,Retailers,30232862,Jaime  Ortœzar,284,CFM,23,S.A.C.I. Falabella,S.A.C.I. Falabella,Retailers,11540390,Andr_s  Astaburuaga,285,CEO,23,S.A.C.I. Falabella,S.A.C.I. Falabella,Retailers,20608734,Michel  Bahna,286,CEO,23,S.A.C.I. Falabella,S.A.C.I. Falabella,Retailers,8319734,Juan  Solari,287,BoD,23,S.A.C.I. Falabella,S.A.C.I. Falabella,Retailers,Prim: Sociedad Hipodromo Chile S.A.777838,Hern‡n  Buc,288,BoD,23,S.A.C.I. Falabella,S.A.C.I. Falabella,Retailers,Prim: Banco de Chile11540328,Sergio  Solari,289,BoD,23,S.A.C.I. Falabella,S.A.C.I. Falabella,Retailers,20608712,Mar’a  Solari,290,BoD,23,S.A.C.I. Falabella,S.A.C.I. Falabella,Retailers,20608717,Carlos  Solari,291,BoD,23,S.A.C.I. Falabella,S.A.C.I. Falabella,Retailers,Prim: Megeve Investments20608732,Jos_  Goudie,292,BoD,23,S.A.C.I. Falabella,S.A.C.I. Falabella,Retailers,Prim: Inversiones Inder Spa20608736,Alfredo  Charme,293,BoD,23,S.A.C.I. Falabella,S.A.C.I. Falabella,Retailers,Prim: Banco Penta26651226,Juan  Solari,294,BoD,23,S.A.C.I. Falabella,S.A.C.I. Falabella,Retailers,13401525,Jos_  Mar’n,295,BoD,23,S.A.C.I. Falabella,S.A.C.I. Falabella,Retailers,Prim: Codelco Norte61042962,Gonzalo  Darraidou,296,CEO/GM,24,Forus SA,Forus SA,Retailers,790251,Alfonso  Saavedra,297,Chairman/Pres,24,Forus SA,Forus SA,Retailers,61042965,Marisol  Navarro,298,CFO,24,Forus SA,Forus SA,Retailers,106304159,N.  Espinosa,299,CEO,24,Forus SA,Forus SA,Retailers,61042944,Alfonso  Opazo,300,MD,24,Forus SA,Forus SA,Retailers,61042949,Ricardo  Saavedra,301,BoD,24,Forus SA,Forus SA,Retailers,8074340,Heriberto  S‡nchez,302,BoD,24,Forus SA,Forus SA,Retailers,Prim: Embotelladora Andina S.A.50237949,Pedro  Sanchez,303,BoD,24,Forus SA,Forus SA,Retailers,Prim: Envases CMF S.A.61042999,Eduardo  Ureta,304,BoD,24,Forus SA,Forus SA,Retailers,61043017,John  Stevenson,305,BoD,24,Forus SA,Forus SA,Retailers,20801498,Luis  Cer—n,306,CEO,25,GENER:CI,AES Gener,Electricity,53834131,Stadelmann  Daniel,307,CFO,25,GENER:CI,AES Gener,Electricity,20801496,Javier  Giorgio,308,COO,25,GENER:CI,AES Gener,Electricity,13445924,Cristin  Antunez,309,CEO,25,GENER:CI,AES Gener,Electricity,106615054,H_ctor  Brito,310,CEO,25,GENER:CI,AES Gener,Electricity,106615040,Edgardo  Campelo,311,Alternate Director,25,GENER:CI,AES Gener,Electricity,8598472,Andres  Gluski,312,BoD,25,GENER:CI,AES Gener,Electricity,Prim: AES Corporation2226147,Juan  Camus,313,BoD,25,GENER:CI,AES Gener,Electricity,Prim: Celfin Capital8052828,Arminio  Borjas,314,BoD,25,GENER:CI,AES Gener,Electricity,26361844,Iv‡n  D’az-Molina,315,BoD,25,GENER:CI,AES Gener,Electricity,Prim: Empresa Electrica de Arica (EMELARI)26631664,Rodovan  Tomicic,316,BoD,25,GENER:CI,AES Gener,Electricity,8117300,Edward  III,317,BoD,25,GENER:CI,AES Gener,Electricity,8676485,Victoria  Harker,318,BoD,25,GENER:CI,AES Gener,Electricity,Prim: AES Corporation135028942,Jorge  Grez,319,BoD,25,GENER:CI,AES Gener,Electricity,135028943,Jaime  Bracho,320,BoD,25,GENER:CI,AES Gener,Electricity,135028944,Pedro  Ripamonti,321,BoD,25,GENER:CI,AES Gener,Electricity,37294344,Joel  Abramson,322,BoD,25,GENER:CI,AES Gener,Electricity,Prim: AES Corporation204605797,Javier  Moreno,323,BoD,25,GENER:CI,AES Gener,Electricity,60738466,Marta  Gonzalo,324,CEO,26,IAM:CI,Inversiones Aguas Metropolitanas,Water&Sanitation,75962207,Giovano  Hormazabal,325,CFO,26,IAM:CI,Inversiones Aguas Metropolitanas,Water&Sanitation,25986731,Felipe  Aspillaga,326,CEO,26,IAM:CI,Inversiones Aguas Metropolitanas,Water&Sanitation,25986679,V’ctor  Fuenzalida,327,CEO,26,IAM:CI,Inversiones Aguas Metropolitanas,Water&Sanitation,25986669,Angel  Grimaldos,328,BoD,26,IAM:CI,Inversiones Aguas Metropolitanas,Water&Sanitation,Prim: Sociedad General de Aguas de Barcelona SA25986656,Joaqu’n  Herrera,329,BoD,26,IAM:CI,Inversiones Aguas Metropolitanas,Water&Sanitation,Prim: Aguas Andinas S.A.24985164,Herman  Pi–era,330,BoD,26,IAM:CI,Inversiones Aguas Metropolitanas,Water&Sanitation,Prim: Watts S.a.27737814,Juan  Ferrer,331,BoD,26,IAM:CI,Inversiones Aguas Metropolitanas,Water&Sanitation,24701298,Guerrero  Ignacio,332,BoD,26,IAM:CI,Inversiones Aguas Metropolitanas,Water&Sanitation,Prim: LAN Airlines S.A.59055620,Jaime  Fuente,333,BoD,26,IAM:CI,Inversiones Aguas Metropolitanas,Water&Sanitation,4787509,Jean-Louis  Chaussade,334,BoD,26,IAM:CI,Inversiones Aguas Metropolitanas,Water&Sanitation,Prim: Suez Environnement Company SA30005381,Jos_  Ovalle,335,CEO,27,IANSA:CI,Iansa,Sugar Producer,26081612,Joaquin  Wilson,336,President,27,IANSA:CI,Iansa,Sugar Producer,100488108,Phil  Gardner,337,Co-founder,27,IANSA:CI,Iansa,Sugar Producer,100488351,Jack  Phillips,338,Co-founder,27,IANSA:CI,Iansa,Sugar Producer,13667472,Gaston  Diaz,339,Head of Analyisis Dept,27,IANSA:CI,Iansa,Sugar Producer,60410913,Gabriel  Dicowsky,340,VP/Director,27,IANSA:CI,Iansa,Sugar Producer,26081614,Andr_s  Scheggia,341,BoD,27,IANSA:CI,Iansa,Sugar Producer,26081621,Gerardo  Alfonso,342,BoD,27,IANSA:CI,Iansa,Sugar Producer,26081625,C_sar  Montero,343,BoD,27,IANSA:CI,Iansa,Sugar Producer,Prim: Gonzalo Jord‡n115154502,Raimundo  Labb_,344,BoD,27,IANSA:CI,Iansa,Sugar Producer,141503955,Gonzalo  Jord‡n,345,BoD,27,IANSA:CI,Iansa,Sugar Producer,371071,Enrique  Plaza,346,CEO,29,LAN:CI,LAN Airlines,Airline,371091,Ignacio  Plaza,347,President,29,LAN:CI,LAN Airlines,Airline,371075,Alejandro  Goic,348,CFO,29,LAN:CI,LAN Airlines,Airline,371117,Cristi‡n  Larra’n,349,CEO,29,LAN:CI,LAN Airlines,Airline,371093,Armando  Montes,350,CEO,29,LAN:CI,LAN Airlines,Airline,371067,Jorge  Mehech,351,BoD,29,LAN:CI,LAN Airlines,Airline,779762,Ram—n  Kadis,352,BoD,29,LAN:CI,LAN Airlines,Airline,779768,Dar’o  Gonz‡lez,353,BoD,29,LAN:CI,LAN Airlines,Airline,779770,Jose  Donoso,354,BoD,29,LAN:CI,LAN Airlines,Airline,779772,Juan  Plaza,355,BoD,29,LAN:CI,LAN Airlines,Airline,23628093,Bernardo  Talavera,356,BoD,29,LAN:CI,LAN Airlines,Airline,"Prim: Tres Mares, S.A."20608717,Carlos  Solari,357,BoD,29,LAN:CI,LAN Airlines,Airline,Prim: Megeve Investments104803850,Juan  Miranda,358,BoD,29,LAN:CI,LAN Airlines,Airline,4850239,Jorge  Salvatierra,359,BoD,29,LAN:CI,LAN Airlines,Airline,Prim: Quintec S.A.28011542,Cristian  Montes,360,CEO,30,MADECO:CI,MADECO,Manufacturing/Metal,54328428,Nicol‡s  Huerta,361,CFO,30,MADECO:CI,MADECO,Manufacturing/Metal,54328431,Cristi‡n  Assef,362,CEO,30,MADECO:CI,MADECO,Manufacturing/Metal,54328435,O.  Bragagnini,363,CEO,30,MADECO:CI,MADECO,Manufacturing/Metal,115773514,Carlos  Cepeda,364,CEO,30,MADECO:CI,MADECO,Manufacturing/Metal,1992492,Guillermo  Craig,365,BoD,30,MADECO:CI,MADECO,Manufacturing/Metal,3281744,Felipe  Vergara,366,BoD,30,MADECO:CI,MADECO,Manufacturing/Metal,Prim: Quinenco S.A.392264,Oscar  Humeres,367,BoD,30,MADECO:CI,MADECO,Manufacturing/Metal,46495154,Alejandro  Yazigi,368,BoD,30,MADECO:CI,MADECO,Manufacturing/Metal,777838,Hern‡n  Buc,369,BoD,30,MADECO:CI,MADECO,Manufacturing/Metal,Prim: Banco de Chile508695,Andronico  Craig,370,BoD,30,MADECO:CI,MADECO,Manufacturing/Metal,Prim: Sociedad Matriz del Banco de Chile362844,Francisco  Mackenna,371,BoD,30,MADECO:CI,MADECO,Manufacturing/Metal,Prim: Quinenco S.A.8132572,Jorge  Soublette,372,BoD,30,MADECO:CI,MADECO,Manufacturing/Metal,33017912,Roberto  Guzman,373,CEO/GM,31,MASISA:CI,MASISA,Manufacturing/Wood,25331618,Jorge  Tagle,374,Chairman/President,31,MASISA:CI,MASISA,Manufacturing/Wood,29434805,Eugenio  Infante,375,CFO,31,MASISA:CI,MASISA,Manufacturing/Wood,182034122,Heraldo  Alvarez,376,CO,31,MASISA:CI,MASISA,Manufacturing/Wood,25331612,C.  Asselot,377,CO,31,MASISA:CI,MASISA,Manufacturing/Wood,8293042,Ronald  Degen,378,VC,31,MASISA:CI,MASISA,Manufacturing/Wood,35441906,Rosangela  Faria,379,CO,31,MASISA:CI,MASISA,Manufacturing/Wood,25331577,Enrique  Morel,380,BoD,31,MASISA:CI,MASISA,Manufacturing/Wood,59519879,Salvador  Reymond,381,BoD,31,MASISA:CI,MASISA,Manufacturing/Wood,8479909,Juan  Gonz‡lez,382,BoD,31,MASISA:CI,MASISA,Manufacturing/Wood,25331575,Antonio  Jorratt,383,BoD,31,MASISA:CI,MASISA,Manufacturing/Wood,8319769,Enrique  Bluth,384,BoD,31,MASISA:CI,MASISA,Manufacturing/Wood,35412733,Andr_s  Labb_,385,CEO,32,MULTIFOO:CI,Multiexport Foods Sa (Multifoods),Fish & Seafood Producer,141193868,Cristian  Wielandt,386,CFO,32,MULTIFOO:CI,Multiexport Foods Sa (Multifoods),Fish & Seafood Producer,35412830,Jose  Arrivillaga,387,ED,32,MULTIFOO:CI,Multiexport Foods Sa (Multifoods),Fish & Seafood Producer,35412728,Martin  Mingo,388,BoD,32,MULTIFOO:CI,Multiexport Foods Sa (Multifoods),Fish & Seafood Producer,35412724,Rub_n  Serrano,389,BoD,32,MULTIFOO:CI,Multiexport Foods Sa (Multifoods),Fish & Seafood Producer,35412736,Alberto  Labbe,390,BoD,32,MULTIFOO:CI,Multiexport Foods Sa (Multifoods),Fish & Seafood Producer,35412768,Carlos  Labatut,391,BoD,32,MULTIFOO:CI,Multiexport Foods Sa (Multifoods),Fish & Seafood Producer,Prim: Alimentos Multiexport S.A.35412852,Hern‡n  Garc’a,392,BoD,32,MULTIFOO:CI,Multiexport Foods Sa (Multifoods),Fish & Seafood Producer,141193842,Crist—bal  Mingo,393,BoD,32,MULTIFOO:CI,Multiexport Foods Sa (Multifoods),Fish & Seafood Producer,20611646,Juan  Avenda–o,394,CEO,33,PARAUCO:CI,Parque Arauco S.A.Ê,Shopping Mall Developer,48967247,Juan  Hurtado,395,CFO,33,PARAUCO:CI,Parque Arauco S.A.Ê,Shopping Mall Developer,60410942,Juan  Restrepo,396,CEO,33,PARAUCO:CI,Parque Arauco S.A.Ê,Shopping Mall Developer,142808188,Andr_s  Ruiz-Tagle,397,CEO,33,PARAUCO:CI,Parque Arauco S.A.Ê,Shopping Mall Developer,60410984,Eduardo  Vasquez,398,CEO,33,PARAUCO:CI,Parque Arauco S.A.Ê,Shopping Mall Developer,8132570,Jos_  Saffie,399,BoD,33,PARAUCO:CI,Parque Arauco S.A.Ê,Shopping Mall Developer,48967290,Rafael  Vald_s,400,BoD,33,PARAUCO:CI,Parque Arauco S.A.Ê,Shopping Mall Developer,85695,Timothy  Purcell,401,BoD,33,PARAUCO:CI,Parque Arauco S.A.Ê,Shopping Mall Developer,Prim: Linzor Capital Partners L.P.48967314,Guillermo  Yarur,402,BoD,33,PARAUCO:CI,Parque Arauco S.A.Ê,Shopping Mall Developer,26081452,Salvador  Somav’a,403,BoD,33,PARAUCO:CI,Parque Arauco S.A.Ê,Shopping Mall Developer,Prim: Cruz Blanca Salud SA62170283,Orlando  Rojas,404,BoD,33,PARAUCO:CI,Parque Arauco S.A.Ê,Shopping Mall Developer,112562831,Gren_  Touma,405,BoD,33,PARAUCO:CI,Parque Arauco S.A.Ê,Shopping Mall Developer,8132554,Jos_  Urenda,406,BoD,33,PARAUCO:CI,Parque Arauco S.A.Ê,Shopping Mall Developer,112562864,Joaqu’n  Barril,407,BoD,33,PARAUCO:CI,Parque Arauco S.A.Ê,Shopping Mall Developer,60471213,Lazaro  Valochinsky,408,CEO,34,RIPLEY:CI,Ripley,Retailers,60471272,Hernan  Gabler,409,CFO,34,RIPLEY:CI,Ripley,Retailers,60471403,Gonzalo  Navarro,410,COTO,34,RIPLEY:CI,Ripley,Retailers,60471236,Sergio  Alvarado,411,CEO,34,RIPLEY:CI,Ripley,Retailers,60471409,Arturo  Devescovi,412,CEO,34,RIPLEY:CI,Ripley,Retailers,60471106,Michel  Volochinsky,413,BoD,34,RIPLEY:CI,Ripley,Retailers,60471123,Maxo  Crisp’n,414,BoD,34,RIPLEY:CI,Ripley,Retailers,60471126,Andr_s  Volochinsky,415,BoD,34,RIPLEY:CI,Ripley,Retailers,24600295,Jorge  Ratinoff,416,BoD,34,RIPLEY:CI,Ripley,Retailers,27677726,Jose  Azzari,417,BoD,34,RIPLEY:CI,Ripley,Retailers,60471207,Juan  Pickering,418,BoD,34,RIPLEY:CI,Ripley,Retailers,12057971,Felipe  Lamarca,419,BoD,34,RIPLEY:CI,Ripley,Retailers,Prim: Empresa Electrica de la Frontera S.A.61042769,Francisco  Jord‡n,420,CEO,35,SALFACOR:CI,Salfacorp Sa,Real Estate Developer,61042755,Fernando  Honorato,421,FM,35,SALFACOR:CI,Salfacorp Sa,Real Estate Developer,61042720,Alberto  Aubry,422,BoD,35,SALFACOR:CI,Salfacorp Sa,Real Estate Developer,61042741,An’bal  Saavedra,423,BoD,35,SALFACOR:CI,Salfacorp Sa,Real Estate Developer,61042750,Jorge  Fern‡ndez,424,BoD,35,SALFACOR:CI,Salfacorp Sa,Real Estate Developer,26121091,Francisco  Philippi,425,BoD,35,SALFACOR:CI,Salfacorp Sa,Real Estate Developer,10524905,Andres  Haeussler,426,BoD,35,SALFACOR:CI,Salfacorp Sa,Real Estate Developer,Prim: Sonda S.A.37312169,Juan  Palma,427,BoD,35,SALFACOR:CI,Salfacorp Sa,Real Estate Developer,61042988,Pablo  Err‡zuriz,428,BoD,35,SALFACOR:CI,Salfacorp Sa,Real Estate Developer,141435324,Mar’a  Cubillos,429,BoD,35,SALFACOR:CI,Salfacorp Sa,Real Estate Developer,61235195,Juan  Dominguez,430,CEO,36,SK:CI,Sidgo Koppers,Conglomerate,396528,Juan  Ossa,431,Chairman,36,SK:CI,Sidgo Koppers,Conglomerate,61235205,Gonzalo  Charles,432,CFO,36,SK:CI,Sidgo Koppers,Conglomerate,60982507,Gamaliel  Aranda,433,CEO,36,SK:CI,Sidgo Koppers,Conglomerate,26323186,Cirilo  Pablo,434,CEO,36,SK:CI,Sidgo Koppers,Conglomerate,26323030,Naoshi  Takahashi,435,DP,36,SK:CI,Sidgo Koppers,Conglomerate,106349629,Jos_  Dom’nguez,436,CEO,36,SK:CI,Sidgo Koppers,Conglomerate,61235156,Mario  Garc’a,437,BoD,36,SK:CI,Sidgo Koppers,Conglomerate,61235193,Horacio  Garcia,438,BoD,36,SK:CI,Sidgo Koppers,Conglomerate,26323181,Norman  Ros_s,439,BoD,36,SK:CI,Sidgo Koppers,Conglomerate,139385750,Canio  Lioi,440,BoD,36,SK:CI,Sidgo Koppers,Conglomerate,78881662,Cristi‡n  Bisquertt,441,CEO,37,SOCOVESA:CI,Socovesa,Real Estate Developer,78881648,Christian  Gras,442,FM,37,SOCOVESA:CI,Socovesa,Real Estate Developer,78881655,Raœl  Colvin,443,CEO,37,SOCOVESA:CI,Socovesa,Real Estate Developer,78881652,Ren_  Delgado,444,CEO,37,SOCOVESA:CI,Socovesa,Real Estate Developer,78881673,Crist—bal  Fern‡ndez,445,CEO,37,SOCOVESA:CI,Socovesa,Real Estate Developer,78881676,Javier  Rudloff,446,VP,37,SOCOVESA:CI,Socovesa,Real Estate Developer,78881739,Hugo  Zeballos,447,Director,37,SOCOVESA:CI,Socovesa,Real Estate Developer,26121101,Fernando  Tocornal,448,BoD,37,SOCOVESA:CI,Socovesa,Real Estate Developer,Prim: Sintex S.A.78881630,Justino  Bornand,449,BoD,37,SOCOVESA:CI,Socovesa,Real Estate Developer,78881635,Vicente  Vidal,450,BoD,37,SOCOVESA:CI,Socovesa,Real Estate Developer,78881637,Rodrigo  Rudloff,451,BoD,37,SOCOVESA:CI,Socovesa,Real Estate Developer,779770,Jose  Donoso,452,BoD,37,SOCOVESA:CI,Socovesa,Real Estate Developer,Prim: LAN Airlines S.A.61996868,Raul  Olea,453,CEO,38,SONDA:CI,Sonda,Real Estate Developer,128663032,Carlos  Henrique,454,President,38,SONDA:CI,Sonda,Real Estate Developer,61996866,Rafael  Pena,455,CFO,38,SONDA:CI,Sonda,Real Estate Developer,61996818,Guido  Garcia,456,CEO,38,SONDA:CI,Sonda,Real Estate Developer,61996816,Mario  Navarro,457,President,38,SONDA:CI,Sonda,Real Estate Developer,61996787,Mario  Robinson,458,VC,38,SONDA:CI,Sonda,Real Estate Developer,10524905,Andres  Haeussler,459,BoD,38,SONDA:CI,Sonda,Real Estate Developer,59119462,Manuel  Ureta,460,BoD,38,SONDA:CI,Sonda,Real Estate Developer,61996803,Pablo  Haeussler,461,BoD,38,SONDA:CI,Sonda,Real Estate Developer,157502961,Jaime  Matte,462,BoD,38,SONDA:CI,Sonda,Real Estate Developer,157503596,Christian  Stambuk,463,BoD,38,SONDA:CI,Sonda,Real Estate Developer,157504316,Luiz  Felippe,464,BoD,38,SONDA:CI,Sonda,Real Estate Developer,26121137,Juan  Molinari,465,BoD,38,SONDA:CI,Sonda,Real Estate Developer,Prim: Instituto de Diagnostico S.A.157505680,Fabio  Correa,466,BoD,38,SONDA:CI,Sonda,Real Estate Developer,393345,Patricio  Contesse,467,CEO,39,SQM/A:CI,Sociedad Qu’mica y Minera de Chile,Chemicals,8056162,Ricardo  Ramos,468,CFO,39,SQM/A:CI,Sociedad Qu’mica y Minera de Chile,Chemicals,8056166,Patricio  Solminihac,469,CEO,39,SQM/A:CI,Sociedad Qu’mica y Minera de Chile,Chemicals,8056164,S.  Astaburuaga,470,VP,39,SQM/A:CI,Sociedad Qu’mica y Minera de Chile,Chemicals,35344824,Juan  Barrera,471,VP,39,SQM/A:CI,Sociedad Qu’mica y Minera de Chile,Chemicals,8056158,Luis  Ponce,472,VP,39,SQM/A:CI,Sociedad Qu’mica y Minera de Chile,Chemicals,8056156,Julio  Ponce,473,BoD,39,SQM/A:CI,Sociedad Qu’mica y Minera de Chile,Chemicals,297551,Wayne  Brownlee,474,BoD,39,SQM/A:CI,Sociedad Qu’mica y Minera de Chile,Chemicals,"Prim: Potash Corp. of Saskatchewan, Inc"2864231,Kendrick  Wallace,475,BoD,39,SQM/A:CI,Sociedad Qu’mica y Minera de Chile,Chemicals,2864245,Jos_  Baeza,476,BoD,39,SQM/A:CI,Sociedad Qu’mica y Minera de Chile,Chemicals,777838,Hern‡n  Buc,477,BoD,39,SQM/A:CI,Sociedad Qu’mica y Minera de Chile,Chemicals,Prim: Banco de Chile23218485,Wolf  Appen,478,BoD,39,SQM/A:CI,Sociedad Qu’mica y Minera de Chile,Chemicals,44432032,Eduardo  Castellon,479,BoD,39,SQM/A:CI,Sociedad Qu’mica y Minera de Chile,Chemicals,23771387,Daniel  Elsaca,480,BoD,39,SQM/A:CI,Sociedad Qu’mica y Minera de Chile,Chemicals,29975451,Rafael  Moreira,481,CFO,40,VAPORES:CI,Cia Sudamericana De Vapores,Shipping,59568434,Guillermo  Bascu–‡n,482,VP,40,VAPORES:CI,Cia Sudamericana De Vapores,Shipping,20611642,Vivien  Brown,483,VP,40,VAPORES:CI,Cia Sudamericana De Vapores,Shipping,20611638,Enrique  Correa,484,VP,40,VAPORES:CI,Cia Sudamericana De Vapores,Shipping,29975459,Fernando  Diez,485,VP,40,VAPORES:CI,Cia Sudamericana De Vapores,Shipping,20611617,Alejandro  Moreira,486,VP,40,VAPORES:CI,Cia Sudamericana De Vapores,Shipping,59568402,Victor  Torche,487,ED,40,VAPORES:CI,Cia Sudamericana De Vapores,Shipping,26016701,Andr_s  Kuperman,488,VP,40,VAPORES:CI,Cia Sudamericana De Vapores,Shipping,8071924,Jaime  Valdes,489,BoD,40,VAPORES:CI,Cia Sudamericana De Vapores,Shipping,8333028,Arturo  Fernandez,490,BoD,40,VAPORES:CI,Cia Sudamericana De Vapores,Shipping,362844,Francisco  Mackenna,491,BoD,40,VAPORES:CI,Cia Sudamericana De Vapores,Shipping,54023665,Bertilda  Torres,492,BoD,40,VAPORES:CI,Cia Sudamericana De Vapores,Shipping,8333019,Christoph  Schmitz,493,BoD,40,VAPORES:CI,Cia Sudamericana De Vapores,Shipping,9068523,Patricio  P_rez,494,BoD,40,VAPORES:CI,Cia Sudamericana De Vapores,Shipping,790236,Joaqu’n  Fontaine,495,BoD,40,VAPORES:CI,Cia Sudamericana De Vapores,Shipping,20611646,Juan  Avenda–o,496,BoD,40,VAPORES:CI,Cia Sudamericana De Vapores,Shipping,2226147,Juan  Camus,497,BoD,40,VAPORES:CI,Cia Sudamericana De Vapores,Shipping,790245,Patricio  Dom’nguez,498,BoD,40,VAPORES:CI,Cia Sudamericana De Vapores,Shipping,24985162,Canio  Lioi,499,BoD,40,VAPORES:CI,Cia Sudamericana De Vapores,Shipping,777838,Hern‡n  Buc,500,BoD,40,VAPORES:CI,Cia Sudamericana De Vapores,Shipping,204867786,Juan  Irarr‡zaval,501,BoD,40,VAPORES:CI,Cia Sudamericana De Vapores,Shipping,204867824,Jos_  Rebeco,502,BoD,40,VAPORES:CI,Cia Sudamericana De Vapores,Shipping,8320892,Richard  Buc,503,MD,41,ENTEL:CI,Empresa Nacional de Telecomunicaciones S.A.,Telecoms,8320843,Felipe  Prieto,504,MoF,41,ENTEL:CI,Empresa Nacional de Telecomunicaciones S.A.,Telecoms,26747293,V’ctor  çlvarez,505,GM,41,ENTEL:CI,Empresa Nacional de Telecomunicaciones S.A.,Telecoms,26747065,Hern‡n  Lores,506,GM,41,ENTEL:CI,Empresa Nacional de Telecomunicaciones S.A.,Telecoms,8320841,Juan  Vicu–a,507,BoD,41,ENTEL:CI,Empresa Nacional de Telecomunicaciones S.A.,Telecoms,Prim: Sociedad Punta del Cobre S.A.8320888,Luis  Achondo,508,BoD,41,ENTEL:CI,Empresa Nacional de Telecomunicaciones S.A.,Telecoms,Prim: Almendral S.A.8320872,Juan  Granello,509,BoD,41,ENTEL:CI,Empresa Nacional de Telecomunicaciones S.A.,Telecoms,26747069,Jos_  Gonz‡lez,510,BoD,41,ENTEL:CI,Empresa Nacional de Telecomunicaciones S.A.,Telecoms,8074332,Alejandro  Marinovic,511,BoD,41,ENTEL:CI,Empresa Nacional de Telecomunicaciones S.A.,Telecoms,34105796,Juan  Hormaeche,512,BoD,41,ENTEL:CI,Empresa Nacional de Telecomunicaciones S.A.,Telecoms,8333021,Bernardo  Larra’n,513,BoD,41,ENTEL:CI,Empresa Nacional de Telecomunicaciones S.A.,Telecoms,Prim: Colbun S.A.170944996,Raœl  Lihn,514,BoD,41,ENTEL:CI,Empresa Nacional de Telecomunicaciones S.A.,Telecoms,13401593,Alejandro  Rodr’guez,515,BoD,41,ENTEL:CI,Empresa Nacional de Telecomunicaciones S.A.,Telecoms,362844,Francisco  Mackenna,516,CEO,42,QUINENC:CI, Quinenco S.A.,Banking&Finance,362846,Luis  Bories,517,CFO,42,QUINENC:CI, Quinenco S.A.,Banking&Finance,6339860,Tiberio  Dall'Olio,518,CEO,42,QUINENC:CI, Quinenco S.A.,Banking&Finance,23333919,Jaime  Valle,519,Ceo,42,QUINENC:CI, Quinenco S.A.,Banking&Finance,395889,Pablo  Lavin,520,CEO,42,QUINENC:CI, Quinenco S.A.,Banking&Finance,508322,Manuel  Eyzaguirre,521,Exec,42,QUINENC:CI, Quinenco S.A.,Banking&Finance,11213685,Fernando  Silva,522,Exec,42,QUINENC:CI, Quinenco S.A.,Banking&Finance,3281744,Felipe  Vergara,523,Exec,42,QUINENC:CI, Quinenco S.A.,Banking&Finance,8053150,Jorge  Palma,524,Exec,42,QUINENC:CI, Quinenco S.A.,Banking&Finance,8459345,Mart’n  GŸiraldes,525,Exec,42,QUINENC:CI, Quinenco S.A.,Banking&Finance,362840,Guillermo  Luksic,526,BoD,42,QUINENC:CI, Quinenco S.A.,Banking&Finance,Prim: Banco de Chile508695,Andronico  Craig,527,BoD,42,QUINENC:CI, Quinenco S.A.,Banking&Finance,Prim: Sociedad Matriz del Banco de Chile777838,Hern‡n  Buc,528,BoD,42,QUINENC:CI, Quinenco S.A.,Banking&Finance,Prim: Banco de Chile8053146,Matko  Maroevic,529,BoD,42,QUINENC:CI, Quinenco S.A.,Banking&Finance,767556,Jean-Paul  Luksic,530,BoD,42,QUINENC:CI, Quinenco S.A.,Banking&Finance,Prim: Antofagasta plc767559,Gonzalo  Duque,531,BoD,42,QUINENC:CI, Quinenco S.A.,Banking&Finance,Prim: Antofagasta plc11850519,Fernando  Berkowitz,532,BoD,42,QUINENC:CI, Quinenco S.A.,Banking&Finance,Prim: Sociedad Matriz del Banco de Chile8077633,Arturo  Quiroz,533,GM,43,SMCHILEA:CI,Sociedad Matriz del Banco de Chile,Banking,27675844,H_ctor  Gonz‡lez,534,Manager,43,SMCHILEA:CI,Sociedad Matriz del Banco de Chile,Banking,508695,Andronico  Craig,535,BoD,43,SMCHILEA:CI,Sociedad Matriz del Banco de Chile,Banking,11850519,Fernando  Berkowitz,536,BoD,43,SMCHILEA:CI,Sociedad Matriz del Banco de Chile,Banking,1992503,Segismundo  Serrano,537,BoD,43,SMCHILEA:CI,Sociedad Matriz del Banco de Chile,Banking,1992513,Rodrigo  Moltedo,538,BoD,43,SMCHILEA:CI,Sociedad Matriz del Banco de Chile,Banking,Prim: LQ Inversiones Financieras S.A.371067,Jorge  Mehech,539,BoD,43,SMCHILEA:CI,Sociedad Matriz del Banco de Chile,Banking,Prim: LATAM Airlines Group S.A.1992490,M‡ximo  Matte,540,BoD,43,SMCHILEA:CI,Sociedad Matriz del Banco de Chile,Banking,23074868,Thomas  Freiwirth,541,BoD,43,SMCHILEA:CI,Sociedad Matriz del Banco de Chile,Banking,1152174,Gonzalo  Duque,542,BoD,43,SMCHILEA:CI,Sociedad Matriz del Banco de Chile,Banking,"Prim: Banco Latinoamericano de Comercio Exterior, S.A"1992492,Guillermo  Craig,543,BoD,43,SMCHILEA:CI,Sociedad Matriz del Banco de Chile,Banking,Prim: Madeco S.A.109927685,Sebasti‡n  Rivas,544,GM,44,PUCOBRA:CI,Sociedad Punta del Cobre S.A.,Copper,8320841,Juan  Vicu–a,545,President,44,PUCOBRA:CI,Sociedad Punta del Cobre S.A.,Copper,26080806,Patricio  Gil,546,VP,44,PUCOBRA:CI,Sociedad Punta del Cobre S.A.,Copper,112705106,Gonzalo  Langlois,547,BoD,44,PUCOBRA:CI,Sociedad Punta del Cobre S.A.,Copper,Prim: Pacifico V Region S.A.8320856,Fernando  Menendez,548,BoD,44,PUCOBRA:CI,Sociedad Punta del Cobre S.A.,Copper,Prim: Almendral S.A.61307008,Pablo  Ben’tez,549,BoD,44,PUCOBRA:CI,Sociedad Punta del Cobre S.A.,Copper,Prim: Moneda Asset Management S.A133826652,Tom‡s  Mac-Auliffe,550,BoD,44,PUCOBRA:CI,Sociedad Punta del Cobre S.A.,Copper,Prim: Pacifico V Region S.A.133826660,Eduardo  Mac-Auliffe,551,BoD,44,PUCOBRA:CI,Sociedad Punta del Cobre S.A.,Copper,"Prim: Banvida, S.A."82514830,Pedro  Vicu–a,552,BoD,44,PUCOBRA:CI,Sociedad Punta del Cobre S.A.,Copper,Prim: Invernova Sa8320892,Richard  Buc,553,BoD,44,PUCOBRA:CI,Sociedad Punta del Cobre S.A.,Copper,Prim: Empresa Nacional de Telecomunicaciones S.A.